Heading,Text,Datetime
JPMAM leaves Climate Action 100+,JPMorgan Asset Management has become the latest firm to leave the Climate Action 100+ group.,2024-02-15 11:35:55+00:00
Barclays stops finance to new oil & gas projects,Barclays has published a revised climate change statement that includes an end to new finance for oil and gas projects.Â,2024-02-14 11:22:51+00:00
PFZW pensions cuts oil & gas investments,Dutch pension fund PFZW has reduced its fossil fuel investments to seven oil and gas companies.,2024-02-14 11:11:20+00:00
Novartis publishes 2023 integrated report,Novartis has published its In Society Integrated Report for 2023.Â,2024-02-08 14:07:29+00:00
EU agrees new rules for ESG ratings,The EU and the European Parliament have agreed new rules for the regulation of ESG ratings.,2024-02-07 14:38:02+00:00
MSCI adds private firm climate tool,"MSCI has announced the launch of MSCI Private Company Data Connect, a tool that provides access to private companies’ sustainability and climate data.Â",2024-02-07 09:41:44+00:00
Exxon sues ESG investors over climate plans,Exxon Mobil has filed a lawsuit against US and Dutch activist investors to attempt to remove what it calls their âextreme agendaâ from the ballot at its annual shareholder meetings.,2024-01-23 09:18:52+00:00
320 firms to begin TNFD nature reporting,The Taskforce on Nature-related Financial Disclosures says that 320 organisations have committed to begin making nature-related disclosures based on its recommendations.,2024-01-17 11:28:03+00:00
BlackRock sued by Tennessee over ESG aims,The US state of Tennessee is suing BlackRock for the alleged breaching of consumer protection laws by failing to fully disclose its ESG aims.Â,2023-12-19 12:12:46+00:00
Impact Disclosure Taskforce launched,A group of financial institutions and industry stakeholders has formed the Impact Disclosure Taskforce to establish voluntary guidance to measure and disclose efforts to achieve the SDGs.,2023-11-29 11:02:57+00:00
Bloomberg launches SDG impact tool,Bloomberg has announced the launch of a tool for investors to assess the potential impact of a company’s business on the United Nations’ 17 Sustainable Development Goals.,2023-11-28 09:20:42+00:00
Cazenove publishes climate action plan,"Cazenove Capital has published its Climate Transition Action Plan, outlining the firm’s plans for achieving their climate goals.",2023-11-27 14:22:14+00:00
Fidelity makes senior sustainability hires,Fidelity International has announced two senior hires in its sustainability team.,2023-10-30 11:07:32+00:00
Aviva hires environment sustainability director,Aviva has appointed Leah Ramoutar as Environmental Sustainability Director.,2023-10-05 08:55:05+00:00
Novelis publishes 2023 sustainability report,Novelis has issued its sustainability report for 2023 outlining the company’s progress toward its sustainability goals.,2023-09-25 08:46:40+00:00
UK announces new ESG reporting standards,The UK government has announced new reporting standards for corporate sustainability disclosures.,2023-08-14 10:20:48+00:00
UBS AM & Aon launch climate transition fund,UBS Asset Management and Aon have launched theÂ UBS Global Emerging Markets Equity Climate Transition Fund.,2023-08-03 08:22:58+00:00
Amazon publishes 2022 sustainability report,Amazon has published its 2022 Sustainability Report outlining the firm’s sustainability progress including its Climate Pledge and net-zero carbon emissions.,2023-07-29 14:53:28+00:00
Barclays adds to sustainable & impact team,Barclays has announced three new senior hires to its sustainable and impact investment banking team.Â,2023-07-18 16:21:53+00:00
EU Parliament adopts nature law,The EU Nature Restoration Law has been adopted by the European Parliament.,2023-07-13 10:07:21+00:00
MetLife publishes 2022 sustainability report,MetLife has published its latest sustainability report outlining its pledges to be delivered by 2030.,2023-07-13 09:54:15+00:00
UBP publishes impact report for 2022,Union Bancaire PrivÃ©e has published its 5th annual impact report.,2023-07-11 11:01:32+00:00
Fidelity says 60% firms on target for net zero,Fidelity Internationalâs third annual ESG analyst survey has found that less than 60% of companies are on track to cut their carbon emissions to net zero by 2050.,2023-07-04 13:51:44+00:00
Carlyle publishes 2023 ESG report,Carlyle has published its 2023 ESG report that includes details of the progress the company has made towards its climate goals set in 2022.,2023-06-30 11:45:18+00:00
PMI publishes human rights report,"Philip Morris International has published its first Human Rights Report outlining the companyâs strategy to promote, respect, and protect human rights.",2023-06-21 09:44:29+00:00
Musk responds to Tesla ESG ratings,Elon Musk has responded to a post on Twitter that discusses Tesla’s inferior ESG rating to cigarette maker Philip Morris International.Â,2023-06-15 10:46:06+00:00
Credit Suisse publishes plastic pollution study,"The Center for Sustainability of Credit Suisse has published a report on plastic pollution that explores the benefits and costs of plastic across environment, biodiversity and social pillars.",2023-06-01 10:34:57+00:00
AP7 & LGIM launch climate transition strategy,Legal & General Investment Management and Swedish pension provider AP7 have partnered to launch a new climate transition strategy.,2023-05-30 15:10:34+00:00
Cazenove publishes fund sustainability reports,Cazenove Capital has published its latest sustainability and impact investment reports.,2023-05-30 14:21:26+00:00
More insurers leave net-zero group,More insurers have left the Net-Zero Insurance Alliance following anti-ESG pressure from US Republicans.Â,2023-05-26 12:21:38+00:00
183 investors call for action to reduce plastic,183 investors with over USD $10 trillion in assets are signatories calling for urgent action to reduce plastics from intensive users of plastic packaging.,2023-05-16 12:10:41+00:00
Endeavour issues 2022 sustainability report,Endeavour Mining plc has published its 2022 Sustainability Report.,2023-05-16 11:39:38+00:00
FTSE Russell launch ESG risk adjusted indices,FTSE Russell has launched the FTSE UK ESG Risk-Adjusted Index Series.,2023-05-15 10:38:37+00:00
Robeco publishes 2022 sustainability report,"Robeco has published its 2022 sustainability report detailing the firm’s sustainability integration, sustainable investment solutions and ownership activities.",2023-04-25 07:39:04+00:00
Citi releases ESG report for 2022,"Citi has released its 2022 environmental, social and governance report.",2023-04-24 15:22:28+00:00
2nd ASEAN Taxonomy phases out coal,"The second version of the ASEAN Taxonomy for Sustainable Finance has included a
framework for phasing out coal in the region.Â",2023-04-24 10:13:03+00:00
KPMG appoints global head of ESG,KPMG International has announced the appointment of John McCalla-Leacy as Head of Global ESG.,2023-04-23 10:20:57+00:00
Climate AM to manage new fund for Apple,Climate Asset Management has said that it will manage a natural capital investment fund for Apple.,2023-04-17 10:34:14+00:00
OMV publishes sustainability report 2022,OMV published its 2022 sustainability report detailing the firm’s progress towards net-zero. Â,2023-04-17 10:04:58+00:00
"MSCI downgrades ESG ratings of 31,000 funds","MSCI has made changes to its fund ESG ratings methodology that will mean 31,000 funds will see a one-off ratings downgrade.Â",2023-04-03 09:49:14+00:00
HM Treasury consults on ESG rating regulation,The HM Treasury has started a consultation on a potential regulatory regime for ESG ratings providers.,2023-04-03 09:39:15+00:00
Most UK firms not issued viable net zero plans,EY has said that over 80% of UK listed firms say they are committed to becoming net zero by 2050 but 95% have not yet disclosed detailed transition plans.,2023-04-03 09:21:31+00:00
Shell publishes 2022 sustainability reports,Shell has published its sustainability and climate & energy transition reports for 2022 outlining the firm’s ESG performance.,2023-03-30 09:23:53+00:00
WFE announces Green Equity Principles,"The World Federation of Exchanges has announced its Green Equity Principles, the first global framework for designating stocks and shares as green.",2023-03-25 15:22:09+00:00
NestlÃ© publishes its 2022 sustainability report,NestlÃ© has published its 2022 sustainability report and its climate risk and impact reports.Â,2023-03-25 13:25:06+00:00
Jefferies publishes 2023 ESG/DEI report,Jefferies Financial Group has announced the publication of its annual ESG/DEI report.,2023-03-24 13:07:28+00:00
Credit Suisse issues 2023 sustainability report,Credit Suisse has published its 2023 sustainability report that includes its climate strategy and TCFD report.Â,2023-03-15 08:53:10+00:00
Smurfit Kappa publishes ESG research,"A new survey conducted by Smurfit Kappa, in partnership with the Financial Times, shows that only 11% of businesses believe they have a robust sustainability strategy.",2023-03-15 08:38:47+00:00
BMO publishes 2022 sustainability report,"BMO has published its 2022 Sustainability Reporting Suite, including the 2022 BMO Climate Report.",2023-03-07 15:58:55+00:00
UBS publishes 2022 sustainability report,UBS says the report details how the firm is meeting clientsâ sustainable finance and investing needs and supports them in the transition to a low-carbon economy.,2023-03-06 09:25:25+00:00
AXA IM aligns senior pay to ESG ambitions,AXA Investment Managers says that it is now including ESG targets in the remuneration of its senior executives.â¯,2023-02-26 13:15:56+00:00
CSAM appoints head of active ownership,Credit Suisse Asset Management has appointed Christine Chow as Head of Active Ownership.,2023-01-26 10:05:25+00:00
86% of UK smid caps link pay to ESG,New research from Peel Hunt and SIFA Strategy shows that ESG has now become a key component in boardrooms of UK mid- and small-cap companies.,2022-12-19 10:31:49+00:00
S&P announce sustainability indices changes,S&P Dow Jones Indices has announced the results of the annual Dow Jones Sustainability Indices rebalancing and reconstitution.,2022-12-12 12:28:06+00:00
EU adopts sustainability reporting directive,The Council of the EU has formally adopted the Corporate Sustainability Reporting Directive (CSRD).,2022-12-05 11:52:57+00:00
ESG Book ranks top 100 ESG companies,"ESG Book has launched its ESG Companies leaderboard, a global ranking of the 100 leading corporate performers on ESG issues.",2022-12-01 09:51:34+00:00
Piper Sandler releases inaugural ESG report,"Piper Sandler has released its first ESG report detailing the firmâs efforts on behalf of its employees, clients, communities and shareholders.",2022-11-15 16:36:54+00:00
LSEG & Mizuho to partner on ESG services,LSEG and the Mizuho Financial Group have announced an agreement to collaborate in providing sustainability solutions to the bankâs corporate clients.,2022-11-11 11:04:20+00:00
DB CIO survey: investors increase ESG support,Deutsche Bankâs Private Bank has published its 2022 ESG client survey showing that 53% regard climate change as the most important factor affecting their investment decisions.,2022-11-09 11:04:47+00:00
Germany & Italy top green bond issuers in Q3,Germany and Italy were Europe’s top issuers of green bonds in Q3 of 2022 according to S&P Global Market Intelligence analysis.,2022-11-03 13:53:38+00:00
80% US investors to increase ESG says PwC,A new report by PwC on ESG investing says that 8 of 10 US investors plan to increase their allocations to ESG products over the next two years.,2022-10-13 08:56:17+00:00
HSBC AM to divest from coal,HSBC Asset Management has announced its intention to phase out coal-fired power and thermal coal from its listed holdings.,2022-09-26 06:55:27+00:00
Barclays hires co-head of sustainable banking,Barclays has appointed Marie Freier as Global Co-Head of Sustainable and Impact Investment Banking.,2022-09-21 08:45:25+00:00
Barclays appoints head of sustainable finance,Barclays has appointed Daniel Hanna as Global Head of Sustainable Finance for corporate and investment banking.,2022-09-07 10:11:55+00:00
Santander US releases 2021 ESG report,"Santander US has announced that it has released its 2021 environmental, social and governance report.",2022-08-10 07:23:51+00:00
Houlihan Lokey publishes sustainability report,Houlihan Lokey has published its second annual sustainability report highlighting the firmâs ESG policies.,2022-08-02 06:34:19+00:00
Northern Trust releases sustainability report,"Northern Trust has released its latest Sustainability Report, highlighting the firm’s ESG commitments.",2022-07-26 06:40:49+00:00
Pioneer releases 2022 sustainability report,Pioneer Natural Resources Company has announced the publication of its 2022 Sustainability Report.,2022-07-26 06:30:57+00:00
Lundin Mining 2021 sustainability report,Lundin Mining Corporation has published its 2021 Sustainability Report outlining its long-term sustainability strategy.,2022-07-20 10:21:37+00:00
Atmos Energy releases sustainability report,Atmos Energy Corporation has released its latest corporate responsibility and sustainability report.,2022-07-14 07:37:51+00:00
RMR Group publish 2021 sustainability report,The RMR Group has announced the publication of its annual sustainability report.,2022-07-11 13:42:51+00:00
Blackstone invests $400mn in Xpansiv,Blackstone has announced that funds managed by Blackstone Energy Partners have invested $400 million in carbon trading platform Xpansiv.,2022-07-08 10:37:49+00:00
HSBC AM head responsible investing resigns,"Stuart Kirk, head of responsible investing at HSBC Asset Management has resigned following his controversial speech on climate change.",2022-07-08 10:27:30+00:00
Fidelity survey shows slow move to net-zero,Fidelity Internationalâs annual ESG Analyst Survey has found that corporate progress towards net zero still has a long way to go.,2022-07-05 09:12:54+00:00
Farfetch publishes 2021 ESG report,"Farfetch, a platform for the luxury fashion industry, has announced that it published its 2021 environmental, social and governance report.",2022-07-05 08:07:20+00:00
246 firms still operate in Russia says Yale,The Yale School of Management has said that over 1000 companies have stopped operating in Russia but 246 continue to do so.Â,2022-06-27 08:04:21+00:00
EU says greenwashing is over,The European Council and European Parliament have reached a provisional agreement on new rules for corporate sustainability reporting.,2022-06-24 08:11:32+00:00
KKR releases 2021 sustainability report,KKR has released its 11th annual sustainability report which outlines how the company manages ESG issues across its investment portfolio and global operations.,2022-06-23 11:40:17+00:00
Banks join aluminium decarbonisation group,Three banks have announced that they will partner with RMIâs Center for climate-aligned finance to help decarbonize the aluminum sector.,2022-06-22 08:13:40+00:00
Aramco publishes first sustainability report,Saudi Arabian oil company Aramco has published its first sustainability report which outlines how the company further plans to tackle emissions.,2022-06-20 09:53:20+00:00
UBP releases 2021 impact report,Union Bancaire PrivÃ©e has released its annual impact report which includes details of the bank’s impact equity strategies over the past 12 months.,2022-06-14 09:03:30+00:00
BNP Paribas AM publishes sustainability report,BNP Paribas Asset Management has published its 2021 sustainability report.,2022-06-07 08:57:29+00:00
AIG releases 2021 ESG report,"American International Group has released its 2021 Environmental, Social and Governance report.",2022-05-23 16:14:57+00:00
Schroders pushes oil majors to move to net zero,Schroders has said that it is pre-declaring its voting intentions for three oil & gas majors to encourage a faster shift towards net zero.,2022-05-23 16:05:02+00:00
Jefferies issues annual ESG report,Jefferies Financial Group has announced the publication of its annual ESG report.,2022-05-23 14:07:33+00:00
Newmont publishes 2021 climate report,Newmont Corporation has published its 2021 Climate Report.,2022-05-20 15:34:09+00:00
ESG activism increases by 20% at start of 2022,A report by Alvarez & Marsal says that ESG related shareholder activism in Europe saw a 20% increase in January and February compared to the same period in 2021.,2022-05-18 08:08:45+00:00
Are sustainable companies more expensive?,"New research by Duncan Lamont, Head of Strategic Research at Schroders, asks if firms with sustainable practices trade at higher valuations.",2022-05-16 07:24:44+00:00
BofA & Oxford partner on finance sustainability,Bank of America andÂ Oxfordâs Smith School of Enterprise and the Environment have announced a collaboration to tackle climate change and transform sustainability in financial services.,2022-05-10 13:23:16+00:00
European ESG bond issues decline in Q1 2022,"European ESG bond and loan issuance declined 32.4% in Q1 2022 on the previous year, according to the Association for Financial Markets in Europe.",2022-05-10 12:21:38+00:00
American Express issues $1 billion ESG bond,American Express Company has announced the settlement of the companyâs first ESG bond.,2022-05-05 08:06:23+00:00
DuPont publishes 2022 sustainability report,DuPont has published its 2022 Sustainability Report detailing its ESG progress and actions to achieve its 2030 sustainability goals.,2022-05-03 08:17:38+00:00
Franklin Templeton releases CSR report,Franklin Templeton has released its annual corporate social responsibility report for 2022.,2022-05-03 08:10:30+00:00
Robeco publishes 2021 sustainability report,Robeco has published its 2021 sustainability report.,2022-04-28 07:50:02+00:00
Citi releases 2021 ESG report,"Citi has released its 2021 Environmental, Social and Governance report for 2021.",2022-04-26 07:25:03+00:00
JPMorgan Chase publishes ESG report for 2021,JPMorgan Chase has published its latest ESG Report.Â,2022-04-21 09:24:18+00:00
Martin Currie releases stewardship report,Martin Currie has released its annual stewardship report detailing its ESG and stewardship activities in 2021.Â,2022-04-20 07:47:21+00:00
Barclays sees 10 ESG themes for 2022,"Barclays research has identified 10 key ESG themes for 2022 which includes seeing companies, sovereigns and investors moving into the implementation phase of net zero.",2022-04-13 07:03:11+00:00
Societe Generale ceases activities in Russia,Societe Generale has said it has ceased its banking and insurance activities in Russia.,2022-04-11 10:49:44+00:00
Schroders publishes Engagement Blueprint,Schroders has announced the launch of its Engagement Blueprint designed to set new standards on active ownership.,2022-04-06 07:27:01+00:00
BofA deploys $250bn in sustainable finance,Bank of America says it mobilized and deployed $250 billion in sustainable finance capital in 2021.,2022-04-05 08:42:07+00:00
Santander adds three ESG hires,Santander Wealth Management & Insurance and Santander Asset Management have made three new ESG hires to its sustainability teams.,2022-03-30 12:56:10+00:00
UN Global Compact launches CFO Coalition,"Corporate sustainability initiative, the UN Global Compact, has announced the launch of the Chief Financial Officersâ Coalition for the SDGs.",2022-03-30 07:47:19+00:00
HSBC hires three senior sustainability experts,HSBC has announced the appointment of three senior sustainability experts.,2022-03-22 08:47:00+00:00
SEC releases proposal for climate disclosure,The US Securities and Exchange Commission Commission has released a proposed rule requiring mandatory climate disclosure from all US public companies.,2022-03-22 08:34:35+00:00
Equinor releases sustainability report for 2021,Equinor ASA has released its 2021 Sustainability Report.,2022-03-18 11:31:56+00:00
UBS publishes sustainability & climate reports,UBS has published its Sustainability Report and Climate Report providing more information on its Climate Roadmap.,2022-03-15 07:21:47+00:00
61% of corporates targeting net zero by 2030,A Westpac survey has revealed that nearly two thirds of corporates are targeting net zero by 2030.,2022-03-14 12:47:22+00:00
Ericsson publishes 2021 sustainability report,"In its 2021 Sustainability and Corporate Responsibility Report, Ericsson says it has delivered on its sustainability targets.",2022-03-10 12:54:55+00:00
FRC adds 74 names to UK Stewardship Code,The Financial Reporting Council has published an updated list of signatories to the UK Stewardship Code.,2022-03-10 12:04:27+00:00
AIG commits to net zero emissions by 2050,American International Group has announced that it plans to achieve net zero greenhouse gas emissions by 2050 or sooner.,2022-03-02 07:46:55+00:00
AllianzGI wants executive pay tied to ESG,Allianz Global Investors has said it will vote against European large caps that do not include ESG criteria in executive pay agreements.Â,2022-02-22 16:36:59+00:00
Trafigura publishes first human rights report,Trafigura Group has published its first stand-alone Human Rights Report.,2022-02-03 11:10:53+00:00
Aviva raises ESG standards for its investments,Aviva Investors says that it expects the companies it invests in to deliver tangible and transparent progress on sustainability in 2022.,2022-01-24 11:47:38+00:00
"NYSTRS ceases investing in oil, gas & coal",The New York State Teachersâ Retirement System has said it will stop investment in 20 oil and gas and thermal coal companies.,2022-01-24 09:02:54+00:00
CaixaBank launches ESG advisory service,CaixaBank has launched a new ESG advisory service to help its clients in their sustainable strategies.,2022-01-24 08:33:20+00:00
ExxonMobil aims for net zero by 2050,ExxonMobil has said it plans to achieve net zero greenhouse gas emissions for operated assets by 2050.,2022-01-19 10:05:52+00:00
HSBC hires head of sustainable infrastructure,HSBC has announced the appointment of Christian Deseglise as Group Head of Sustainable Infrastructure and Innovation.,2022-01-19 08:38:31+00:00
Zero100 launched to cut supply chain carbon,"Zero100 has announced the launch of the Zero100 Advisory Board, a cross-industry coalition of leaders in the digital and sustainable economy.",2022-01-18 08:31:39+00:00
J. Safra Sarasin hires chief sustainability officer,Bank J. Safra Sarasin has announced the appointment of Dr Daniel Wild as Chief Sustainability Officer.,2021-12-23 10:14:55+00:00
Nest and UBS AM divest from 5 energy firms,Pension scheme Nest and UBS Asset Management have said that because of climate change risk they have divested from five energy companies.,2021-12-21 11:36:47+00:00
FCA new rules on climate-related disclosures,The UK Financial Conduct Authority will introduce new rules on 1 January 2202 requiring issuers of listed shares and asset managers to disclose how they will meet the recommendations of the TCFD.,2021-12-21 10:15:22+00:00
BNY Mellon launches three sustainable ETFs,BNY Mellon Investment Management has launched three actively managed sustainable exchange traded funds.,2021-12-16 08:42:31+00:00
ESG now top consideration for M&A,A survey by Grant Thornton of M&A professionals has found that ESG considerations are now key among dealmakers.,2021-12-09 10:14:16+00:00
Coutts pushes LyondellBasell towards net zero,"Coutts, and other shareholders, say they have prompted LyondellBasell to commit to achieve net zero by 2050.",2021-12-08 11:23:34+00:00
VTB Capital says $1.1tn to decarbonise Russia,"It will require investments of $1.1tn to reduce greenhouse gas emissions from the Russian economy by 50% before 2060, says VTB Capital.Â",2021-11-30 16:01:12+00:00
ESG factors slow FTSE 100 pay says PwC,"Executive pay at FTSE 100 companies continues to show restraint in 2021, new research from PwC shows.",2021-11-23 09:24:45+00:00
Sustainalytics launches supply chain product,Sustainalytics has launched its Corporate Supply Chain ESG Solution.,2021-11-22 16:39:55+00:00
Maersk issues green bond for methanol vessels,Shipping company Maersk has issued a 10-year â¬500 million green bond to fund 8 ocean-going container vessels which will be capable of operating on carbon neutral methanol by 2024.,2021-11-22 08:45:31+00:00
92% of S&P publishing sustainability reports,The Governance & Accountability Institute has published its 2021 Sustainability Reporting in Focus.,2021-11-17 09:17:47+00:00
75% of carbon intense firms lack net zero plans,A report by Bloomberg Intelligence shows that only 25% of the most CO2 intensive industries have set reduction strategies that align by 2030.,2021-11-11 12:54:39+00:00
ESG checklist published for CLO market,The European Leveraged Finance Association has published an ESG exclusion checklist for the collateralised loan obligations market.Â,2021-11-11 12:45:27+00:00
COP26: call for action on cement emissions,At COP26 the World Cement Association will outline three key actions governments can take to accelerate the cement industryâs progress towards net zero.,2021-11-10 09:11:18+00:00
MS announces sector net-zero targets,Morgan Stanley has announced plans to reach net-zero financed emissions by 2050 in three sectors.,2021-11-08 08:16:14+00:00
81% of FTSE 100 companies lack net zero plans,A report from EcoAct shows that just 19% of the FTSE 100 have long-term emissions reduction targets to meet net-zero goals.Â,2021-11-01 08:18:43+00:00
ISS ESG adds EVA Leaders Index Series,ISS ESG has launched the EVA Leaders Index Series to help investors integrate ESG criteria across leading global companies.,2021-10-21 08:45:21+00:00
Few FTSE 100 firms have plans for net zero,Fewer than 25% of FTSE 100 companies have published plans to reach net zero carbon emissions which are scientifically backed according to Arabesque.,2021-10-20 08:15:47+00:00
ING publishes first integrated climate report,Dutch bank ING has published its first integrated climate report.,2021-09-17 08:46:15+00:00
Dow publishes INtersections ESG report,"Dow Inc. has released âINtersections,â its first consolidated ESG Report highlighting theÂ  integration of environmental stewardship and social impact throughout the company.",2021-06-25 09:04:50+00:00
FCA publishes new plans for climate disclosure,The UK FCA has published new proposals on climate-related disclosure rules for listed companies.,2021-06-23 09:20:03+00:00
LGIM to divest from four companies,Legal & General Investment Management has said it will divest from four companies due to insufficient action on climate change.,2021-06-21 10:49:56+00:00
JPMorgan adds oil majors to watchlist,JPMorgan says it has added state owned oil companies Petronas and Pertamina to a watchlist for removal from its ESG EMBI index.,2021-06-17 09:45:57+00:00
UN-backed TNFD launched,Today sees the launch of the UN-supported Taskforce on Nature-related Financial Disclosures.,2021-06-04 09:15:58+00:00
ING leads group to decarbonise steel sector,ING and five other banks have formed a working group to take action on climate in the steel sector.,2021-05-28 07:41:56+00:00
Shell ordered to cut emissions by 45%,Royal Dutch Shell has been ordered to cut its greenhouse gas emission cuts by a Dutch court.,2021-05-27 08:24:55+00:00
SPACs target more ESG companies,Data from Nomura Greentech shows US special purpose acquisition companies are increasingly targeting companies with higher ESG standards.Â,2021-05-21 09:11:26+00:00
Deutsche sets earlier sustainable finance target,"Deutsche Bank says it aims to facilitate over 200bn euros in sustainable finance by the end of 2023, two years earlier than planned.",2021-05-20 13:53:49+00:00
DB sets up ESG Centre of Excellence,Deutsche Bank has announced the establishment of an ESG Centre of Excellence in Singapore.,2021-05-20 13:35:43+00:00
Britainâs Emissions Trading System begins,Britainâs Emissions Trading System (ETS) began on Wednesday with prices higher than EU carbon prices at around Â£50 per tonne.,2021-05-20 11:09:23+00:00
JPM Chase release carbon reduction targets,JPMorgan Chase has released carbon targets to align its financing activities with the climate goals of the Paris Agreement.,2021-05-16 15:01:30+00:00
ESG may exclude many firms say Cowen head,"Companies that don’t fully engage with ESG may face total exclusion by investors, Larry Wieseneck, Cowen Co-President, has said.",2021-05-11 09:36:56+00:00
UBS appoints chief sustainability officer,UBS has appointed Michael Baldinger as chief sustainability officer.,2021-05-07 11:53:11+00:00
Norway fund to ESG screen small caps,Norwayâs sovereign oil fund will begin screening small caps stock for ESG risks.,2021-05-06 10:31:47+00:00
Eurasian Resources sets up ESG committee,Mining group Eurasian Resources has announced the setting up of an ESG committee.,2021-04-29 08:39:03+00:00
Natixis report shows strong growth in ESG,A new survey by Natixis Investment Managers shows that 75% of professional investors are now implementing ESG strategies.,2021-04-23 07:42:29+00:00
Only 25% of firms on target for climate goal,A report by Arabesque has found that only 25% of the worldâs biggest companies are on course to limit the global temperature rise to 1.5 degrees by 2050.,2021-04-22 08:29:18+00:00
BHP announces new ESG team,Mining company BHP has created a dedicated ESG team to engage with investors and ratings providers.Â,2021-04-21 08:29:29+00:00
Citi to commit $1tn to sustainable finance,Citi has said it will commit $1 trillion to sustainable finance by 2030.,2021-04-16 11:29:15+00:00
Sustainable bond issues hit record high in Q1,"Total issuance of green, social and sustainability bonds reached a record high of $264 billion in the first quarter of this year according to Refinitiv.Â",2021-04-15 08:50:38+00:00
BofA plans environment initiative of $1tn,Bank of America has announced a goal of deploying $1 trillion by 2030 in its Environmental Business Initiative.,2021-04-14 10:57:09+00:00
Fitch gives ESG vulnerability scores to utilities,Fitch Ratings has assigned ESG Vulnerability Scores to 100 utilities based in EMEA.,2021-04-13 09:09:37+00:00
MSCI says link between diversity & ESG rating,A new report by MSCI says that there is a link between the diversity of companiesâ boards and their ESG Rating.,2021-04-06 10:36:43+00:00
Sber publishes review of ESG trends in Russia,SberCIB Investment Research has prepared the first review of the key ESG trends in Russia.Â,2021-04-06 08:23:54+00:00
VÃ¤rde issues first real estate green bond,VÃ¤rde Partners has issued the first green bond by a residential real estate developer in the Euro market.,2021-03-19 11:13:08+00:00
Study finds pay widely linked to ESG criteria,"Nearly half of FTSE 100 companies use an ESG measure when setting targets for executive pay, a report by PwC and the London Business Schoolâs Centre for Corporate Governance has found.",2021-03-17 14:32:23+00:00
BNP Paribas & Baringa develop climate model,BNP Paribas is developing its climate scenario analysis capability with the use of Baringa’s Climate Change Scenario Model.,2021-03-17 08:29:26+00:00
Cowen to include ESG scores in equity research,US brokers Cowen will now include ESG scores in all their equity research.,2021-03-10 11:34:14+00:00
SEC sets up Climate and ESG Task Force,The US Securities and Exchange Commission has set up the Climate and ESG Task Force.,2021-03-08 12:19:56+00:00
Toyota to issue $4.7 billion in ESG bonds,Toyota Motors says it plans to issue $4.7 billion in sustainability bonds.,2021-03-04 11:51:28+00:00
25% of firms will be carbon neutral by 2030,"Almost a quarter of all companies will be carbon neutral by the end of this decade, according to Fidelity Internationalâs annual Analyst Survey.",2021-03-02 12:14:42+00:00
Wells Fargo appoints head of ESG,Wells Fargo has appointed GeneviÃ¨ve PichÃ© as head of ESG solutions.,2021-03-01 10:40:01+00:00
Aviva to target net zero carbon by 2040,Aviva has today announced its plan to become a net zero carbon emissions company by 2040.,2021-03-01 10:04:27+00:00
ING appoints global head of sustainability,Anne-Sophie Castelnau has been appointed INGâs global head of Sustainability.,2021-02-25 11:42:33+00:00
Amundi to ask companies for climate plans,Amundi has said it will ask companies their plans to reduce emissions at upcoming shareholder meetings.,2021-02-22 08:37:32+00:00
SMI announces FSTF bank members,The Sustainable Markets Initiative has announced the bank executive members of its Financial Services Task Force.,2021-02-18 09:21:22+00:00
S&P Global makes 9200 ESG scores free,S&P Global has made its ESG scores of 9200 companies publicly available.,2021-02-17 11:31:42+00:00
GS says ESG to become core part of strategy,Goldman Sachs has said it plans to issue more ESG bonds in its effort to manage $750 billion in sustainable financing by 2030.,2021-02-15 08:59:05+00:00
JP Morgan hires Chuka Umunna to lead ESG,Former Labour leadership candidate Chuka Umunna has been hired by JP Morgan to lead its ESG strategy.Â,2021-02-12 10:58:16+00:00
BofA sets out emissions targets for 2030,Bank of America has announced plans to achieve net zero greenhouse gas emissions in its operations by 2030.,2021-02-12 09:38:37+00:00
SEC appoints ESG policy advisor,The US Securities and Exchange Commission has appointed Satyam Khanna as senior policy adviser on climate and ESG issues.,2021-02-02 09:24:15+00:00
ESMA calls for action on ESG ratings,The European Securities and Markets Authority (ESMA) has written to the European Commission urging them to bring in rules to regulate ESG ratings.,2021-02-01 08:32:06+00:00
Businesses commit to new ESG metrics,"A coalition of 61 business leaders has announced its commitment to the Stakeholder Capitalism Metrics, a set of ESG metrics released by the World Economic Forum.",2021-02-01 08:19:31+00:00
Refinitiv makes ESG company scores free,Refinitiv says its ESG company scores are now available free on its website and its ESG data is available via the Refinitiv ESG Voice App.,2021-01-28 10:59:50+00:00
PepsiCo pledges net-zero emissions by 2040,PepsiCo has announced plans to source 100% renewable electricity across all of its company operations by 2040.,2021-01-14 11:13:07+00:00
FCA introduces new rule for climate disclosures,The UK Financial Conduct Authority has published a final rule and guidance promoting better climate-related financial disclosures for UK listed companies. Â Â,2020-12-22 09:50:51+00:00
VW to tie executive bonuses to ESG targets,Volkswagen says it plans to link top executivesâ bonuses to ESG targets.,2020-12-18 09:52:17+00:00
MSIM adds new sustainable fixed income fund,Morgan Stanley Investment Management has announced the UK Sustainable Fixed Income Opportunities Fund.,2020-12-14 10:09:21+00:00
Rathbone Greenbank signs biodiversity pledge,"Rathbone Greenbank Investments has signed the Finance for Biodiversity Pledge, which was launched by 26 financial institutions from ten countries in September.",2020-12-09 11:01:48+00:00
Total Produce launches sustainability site,Irish and UK listed fresh produce producer Total Produce has launched its first sustainability website.,2020-12-08 11:10:38+00:00
Fidelity publishes TCFD disclosures report,Fidelity International has published its first Task Force on Climate-related Financial Disclosures annual report.,2020-12-08 10:16:44+00:00
Deutsche Bank to link pay to sustainability,Deutsche Bank has announced annual growth targets for ESG business and plans to link them to management compensation from 2021.,2020-12-08 09:54:58+00:00
UK companies slip on sustainability reporting,New research from KPMG shows that the UK’s top 100Â  companies have slipped behind a number of European countries for sustainability reporting.,2020-12-07 10:09:09+00:00
Robeco commits to net-zero emissions by 2050,Robeco has announced its intention to achieve net-zero greenhouse gas emissions by 2050 across all its assets under management.,2020-12-04 11:09:11+00:00
Switzerland to adopt new ESG reporting rules,"New ESG reporting obligations will come into force for Swiss compnaies, likely by 2022.",2020-12-02 10:22:35+00:00
Amundi warns SBI on Adani coal project,"Amundi has warned the State Bank of India that it would sell their green bonds if the bank grants a Rs 5,000 loan to Adani’s Carmichael coal mine in Australia.",2020-12-01 10:20:36+00:00
Engie issues EUR 850m of green hybrid bonds,French utility Engie has issued EUR 850 million of green hybrid bonds,2020-12-01 10:08:17+00:00
Diageo announces 10 year sustainability plan,"Diageo has announced 25 goals in its ‘Society 2030: Spirit of Progress’ plan, designed to make a positive impact on the world by 2030.",2020-11-23 10:35:14+00:00
Goldman names top ESG stocks from S&P 500,Goldman Sachs has named 50 companies from the S&P 500 that should benefit from ESG inflows.Â Â,2020-11-19 11:17:24+00:00
UK PM announces plan for green revolution,UK Prime Minister Boris Johnson has announced a 10-point plan to lead a “green industrial revolution”.,2020-11-19 09:40:02+00:00
PCAF launches standards to report emissions,The Partnership for Carbon Accounting Financials (PCAF) has launched the Global GHG Accounting and Reporting Standard for the Financial Industry.,2020-11-19 09:30:40+00:00
Top investors call on companies to use SASB,The Investor Advisory Group of the Sustainability Accounting Standards Board has called on companies to use SASB Standards in disclosures to investors.,2020-11-18 13:05:22+00:00
S&P Indices announce ESG index rebalancings,S&P Dow Jones Indices has announced the results of its annual Dow Jones Sustainability Indices rebalancing and reconstitution.,2020-11-17 09:58:17+00:00
DWS sets up ESG Advisory Board,DWS has set up the ESG Advisory Board to advise on the firm’s ESG strategy.,2020-11-13 08:55:18+00:00
FCA introduces new rules on climate disclosure,The FCA has said that from 1 January 2021 premium listed companies on the London Stock Exchange will have to conform to new climate risk disclosure rules.,2020-11-11 09:38:41+00:00
TD commits to net-zero emissions by 2050,TD Bank Group has announced a commitment to target net-zero greenhouse gas emissions by 2050.,2020-11-10 15:17:22+00:00
Blackstone appoints head of real estate ESG,Blackstone has appointed Eric Duchon as Global Head of Real Estate ESG.,2020-11-09 09:02:49+00:00
Janus Henderson appoints head of ESG,Janus Henderson has appointed Paul LaCoursiere as global head of ESG investments.Â,2020-11-04 11:27:04+00:00
HKSFC proposes climate rules for funds,The Hong Kong Securities and Futures Commission has issued a consultation paper on the disclosure of climate-related risks by fund managers.,2020-11-03 09:42:05+00:00
Neuberger adds ESG expertise from NNIP,Neuberger Berman has added seven equity investment professionals with ESG expertise to its team in the Hague.Â,2020-11-03 09:35:14+00:00
Brunel picks Nordea to run climate mandate,Brunel Pension Partnership has chosen Nordea Asset Management to run its Â£325m climate and environment equity mandate.,2020-10-29 09:56:31+00:00
Cazenove unveils carbon offsetting scheme,Cazenove Capital has appointed Ecologi to offset the carbon footprint of its Charity Responsible Multi-Asset Fund.,2020-10-29 08:23:42+00:00
Barclays raises Â£400m in green bond issue,Barclays has announced that it successfully closed a Â£400m green bond issue on 27 October.,2020-10-28 10:13:51+00:00
Refinitiv & Fortune partner on D&I disclosure,Refinitiv and Fortune are to partner in a new standard for corporate diversity and inclusion disclosure,2020-10-27 09:47:38+00:00
Credit Suisse partners on impact platform,"Credit Suisse and The Conduit Connect have announced a partnership, with Linklaters and Deloitte, on an impact investment platform.",2020-10-27 09:37:46+00:00
Nordea leads action on coal power in Vietnam,"Nordea Asset Management is leading 21 investors in a letter to companies involved in the construction of Vung Ang 2, a coal plant in Vietnam.",2020-10-27 09:28:44+00:00
Polar Capital appoints head of sustainability,Polar Capital has appointed Alexander Macdonald as its Group Head of Sustainability.,2020-10-26 09:46:12+00:00
PwC says 50% of funds to be ESG by 2025,50% of European mutual funds will be ESG by 2025 says PricewaterhouseCooperâs.,2020-10-20 08:46:01+00:00
Anti-corruption top ESG concern for investors,Anti-corruption is the top ESG concern for institutional investors according toÂ RBC Global Asset Management’s latest Responsible Investment Survey.,2020-10-14 13:12:28+00:00
EC delays introduction of level 2 SFDR rules,The European Commission is to delay the implementation of the Sustainable Finance Disclosure Regulation Level 2 rules.,2020-10-09 09:46:45+00:00
Allianz appoints head of sustainable investing,Allianz Global Investors has appointed Matt Christensen as Global Head of Sustainable and Impact Investing.,2020-10-09 09:27:02+00:00
Mirabaud AM adds ESG analyst to equity team,Mirabaud Asset Management has hired a senior ESG analyst for its global equity team.,2020-10-06 11:43:28+00:00
MUFG appoints head of sustainability,MUFG has announced the appointment of Tobi Petrocelli as director of environmental and sustainability management.,2020-10-05 15:22:53+00:00
ILN launches toolkit to decarbonize portfolios,The Investor Leadership Network has released its latest report Climate Change Mitigation and your portfolio: Practical Tools for Investors.,2020-10-02 09:36:41+00:00
Five firms removed from UN PRI,Five investment firms have been removed from the United Nations Principles for Responsible Investment for failing to meet its minimum requirements.,2020-09-29 10:02:45+00:00
Patrizia appoints head of ESG,Swiss asset manager Patrizia has appointed a new head of ESG.Â  Â,2020-09-29 09:54:08+00:00
Firms look to achieve common ESG metrics,120 of the worldâs largest companies have supported efforts at the 2020 annual meeting in DavosÂ to develop a core set of common metrics and disclosures on non-financial factors.,2020-09-24 09:29:49+00:00
Big Four firms release ESG reporting metrics,The Big Four accounting firms have developed a set of metrics for companies to use for ESG reporting.,2020-09-24 08:59:57+00:00
SC says ESG interest growing in Asia,"Asian investors are showing increased interest in ESG investments, says Standard Chartered Private Bank.",2020-09-23 08:11:11+00:00
Citi appoints new head of ESG research,"Citi has appointedÂ Anita McBain as Managing Director, Head of EMEA ESG Research.",2020-09-15 10:20:12+00:00
CA100+ puts pressure on emissions,The Climate Action 100+ group says it has written to the world’s largest carbon emitters saying that more action is needed to reduce emissions.Â,2020-09-14 10:01:01+00:00
UBS recommends ESG to private clients,UBS is to recommend sustainable solutions for its private clients.,2020-09-11 09:44:48+00:00
Citi says prepare for new EU ESG rules,Citi says asset managers should start preparing for the introduction of new EU ESG disclosure rules coming in March.,2020-09-10 09:30:52+00:00
Ikea commits â¬600m to SDG investments,The Ingka Group will invest â¬600m over the next 12 months in companies that have a direct impact towards the Paris Agreement and the UN SDGs.,2020-09-07 09:38:57+00:00
Mark Carney joins Brookfield as head of ESG,Former Bank of England governor Mark Carney has joined Brookfield Asset Management as head of ESG and impact fund investing.,2020-08-27 10:00:36+00:00
Cazenove Capital wins ESG ‘Olympics’,Cazenove Capital has been awarded Â£33.5m after winning the ESG Investing Olympics competition.,2020-08-24 08:39:51+00:00
ANZ issues first bank SDG bond in Australia,ANZ has announced the issue of an AUD1.25 billion Tier 2 capital bond linked to the UN Sustainable Development Goals.,2020-08-21 09:38:01+00:00
CaixaBank offsets CO2 with Amazon project,CaixaBank has offset its CO2 emissions by supporting a project to protect the Amazon forest.,2020-08-19 10:30:58+00:00
Barclays adds to ESG teams,Barclays has expanded its ESG teams in its investment banking division.,2020-08-11 10:26:44+00:00
Alphabet issues $5.75bn of sustainability bonds,"Alphabet has issued $5.75 billion in sustainability bonds, a record sustainability bond offering.",2020-08-10 08:26:22+00:00
HSBC launches ESG solutions unit,HSBC is forming a new ESG solutions unit to provide clients with advice on sustainable investments.Â,2020-07-28 09:20:50+00:00
Deutsche Bank to end activity in coal mining,Deutsche Bank has adopted a new fossil fuels policy to end its global business activities in coal mining by 2025.,2020-07-28 07:30:34+00:00
MS joins carbon accounting partnership,Morgan Stanley has joined the Partnership for Carbon Accounting Financials global Steering Committee focusing on measuring financed emissions.,2020-07-22 08:04:59+00:00
HSBC launches ESG portfolio reporting service,HSBC has launched a reporting service for asset owners and managers.,2020-07-21 08:56:48+00:00
Climate change and investment returns,"Climate change will have a profound impact on investment returns over the next 30 years, though not all markets will be affected equally, say Schroders.",2020-07-21 08:21:33+00:00
US DoL looks to curtail ESG investments,The US Department of Labor has proposed a rule that pensions cannot invest in ESG funds that negatively impact returns.Â,2020-07-17 08:48:40+00:00
Deutsche Bank leads three green bond issues,Deutsche Bank has led three green bond issues in the past week despite a sharp drop in issuance this year.,2020-07-16 09:50:20+00:00
ESG in Asia to grow says Standard Chartered,ESG investing in Asia is set to growth strongly in the coming years according to Standard Chartered.Â,2020-07-14 09:35:52+00:00
Octopus Renewables acquires two UK wind farms,"Octopus Renewables, the specialist clean energy investor arm of Octopus Group, has acquired two UK operational ROC accredited onshore wind farms with a combined capacity of 16.8MW.",2020-07-13 13:16:07+00:00
SEC expresses concern about ESG disclosures,SEC Commissioner Elad Roisman has expressed “serious reservations” about mandating ESG disclosures by public companies.,2020-07-10 11:06:18+00:00
Philip Morris publishes ESG overview,"Philip Morris International has published its first Integrated Report, an overview of the firm’s ESG performance.",2020-07-01 09:28:03+00:00
VolkerFitzpatrick and Green Biofuels to reduce emissions.,VolkerFitzpatrick and Green Biofuels building a future with better local air quality and reduced greenhouse gases.,2020-06-29 13:20:08+00:00
Large increase in TCFD in FTSE 100 reporting,The number of FTSE 100 companies mentioning the TCFD in their reporting has surged over the last year.,2020-06-24 09:05:35+00:00
Data Respons releases ESG report for 2019,Norwegian technology company Data Respons has released its 2019 ESG report.Â,2020-06-18 07:30:38+00:00
UBS appoints head of sustainable banking,UBS has announced the appointment of Armin Peter as Head of Sustainable Banking EMEA.,2020-06-16 11:13:40+00:00
BHP: Climate Risk and ESG Ratings,"We talk to Dr. Fiona Wild, Head of Climate Change and Sustainability at BHP in Melbourne, Australia about the companyâs approach to sustainability and the challenges posed by climate risk.Â",2020-06-08 12:15:28+00:00
Norges Bank cuts fossil fuel firms from fund,Norges Bank has excluded five fossil fuel companies from the Government Pension Fund Global.,2020-05-14 11:00:21+00:00
T. Rowe Price says ESG leads in engagement,T. Rowe Price has reported that ESG disclosure was the top issue in its engagements with companies in 2019.,2020-05-13 08:09:39+00:00
Smurfit Kappa cuts emissions by third,Smurfit Kappa has published its latest sustainability report outlining a 33% drop in CO2 emission since 2005,2020-05-09 07:45:40+00:00
Total commits to net zero emissions by 2050,Oil and gas producer Total has set a net zero emissions target to be reached by 2050.,2020-05-06 10:54:46+00:00
Asia Metals publishes its first sustainability report,AIM-listed Central Asia Metals publishes its first sustainability report.,2020-05-04 12:58:23+00:00
Prada agree sustainability loan with Credit Agricole,Fashion group Prada has agreed a â¬50 million 5-year sustainability loan with Credit Agricole.,2019-11-06 08:44:43+00:00
Microsoft most popular stock for ESG funds,Microsoft is the most popular stock among ESG funds in the US according to a Forbes report.,2019-11-02 13:49:37+00:00
Schroders takes stake in BlueOrchard,"Schroders has acquired a majority stake in BlueOrchard, a leading impact investment manager",2019-11-01 09:51:10+00:00
BP develops plastic recycling technology,BP has developed technology that can recycle PET plastic waste which could mean reduced landfill and incineration.Â,2019-10-29 10:20:15+00:00
BMO issues sustainability bond,BMO Financial Group has launched its first sustainability bond.,2019-10-22 10:46:51+00:00
STOXX: ESG exclusions and US stocks,Stoxx looks at the performance of its USA 500 ESG-X index and assesses how the exclusion of some US stocks has helped it outperform the benchmark USA 500 index.Â,2019-10-15 11:07:46+00:00
PepsiCo issues $1billion green bond,PepsiCo has launched its first green bond worth US$1 billion to fund the firm’s sustainability initiatives.,2019-10-10 09:45:25+00:00
QSE to promote ESG disclosure in Qatar,The Qatar Stock Exchange will promote ESG and sustainability disclosure for Qatar listed companies.,2019-10-07 09:23:33+00:00
"Unilever, M&S and BT top sustainability reporting","Unilever, Marks & Spencer and BT have been ranked highest for sustainability reporting for FTSE100 companies by EcoAct.",2019-10-05 11:59:36+00:00
McDonald’s: a sustainable finance case study,Research from the Rotterdam School of Management shows how to integrate sustainability into investment analysis using McDonald’s as a case study.Â,2019-09-30 17:28:17+00:00
